Date,Name,StorageTotal,StorageFree,FreePercentage
25.02.2018,Backup_Repo_01,10035.87,1841.38,18
25.02.2018,Backup_Repo_02,44711.86,35695.55,80
25.02.2018,Backup_Repo_03,30172.16,11826.81,39
25.02.2018,Backup_Repo_04,30720,8683.1,28
25.02.2018,Backup_Repo_05,800,400.27,50
25.02.2018,Backup_Repo_06,1117.33,1117.16,100
25.02.2018,Backup_Repo_07,44711.86,11819.45,26
25.02.2018,Backup_Repo_10,44711.86,30725.59,69
25.02.2018,Backup_Repo_11,1331.2,255.03,19
25.02.2018,Backup_Repo_12,71680,16970.4,24
25.02.2018,Backup_Repo_13,92160,49065.11,53
26.02.2018,Backup_Repo_01,10035.87,1841.38,18
26.02.2018,Backup_Repo_02,44711.86,35695.55,80
26.02.2018,Backup_Repo_03,30172.16,11827.1,39
26.02.2018,Backup_Repo_04,30720,8567.15,28
26.02.2018,Backup_Repo_05,800,400.27,50
26.02.2018,Backup_Repo_06,1117.33,1117.16,100
26.02.2018,Backup_Repo_07,44711.86,11819.44,26
26.02.2018,Backup_Repo_08,1024,475.04,46
26.02.2018,Backup_Repo_10,44711.86,30725.59,69
26.02.2018,Backup_Repo_11,1331.2,255.03,19
26.02.2018,Backup_Repo_12,71680,16970.4,24
26.02.2018,Backup_Repo_13,92160,49065.11,53
27.02.2018,Backup_Repo_01,10035.87,1824.29,18
27.02.2018,Backup_Repo_02,44711.86,35675.15,80
27.02.2018,Backup_Repo_03,30172.16,11825.58,39
27.02.2018,Backup_Repo_04,30720,8762.56,29
27.02.2018,Backup_Repo_05,800,394.88,49
27.02.2018,Backup_Repo_06,1117.33,1117.16,100
27.02.2018,Backup_Repo_07,44711.86,11679.34,26
27.02.2018,Backup_Repo_08,1024,483.32,47
27.02.2018,Backup_Repo_10,44711.86,30540.93,68
27.02.2018,Backup_Repo_11,1331.2,270.02,20
27.02.2018,Backup_Repo_12,71680,16855.82,24
27.02.2018,Backup_Repo_13,92160,48706.33,53
28.02.2018,Backup_Repo_01,10035.87,1810.76,18
28.02.2018,Backup_Repo_02,44711.86,35652.11,80
28.02.2018,Backup_Repo_03,30172.16,11760.85,39
28.02.2018,Backup_Repo_04,30720,8796.9,29
28.02.2018,Backup_Repo_05,800,391.48,49
28.02.2018,Backup_Repo_06,1117.33,1117.16,100
28.02.2018,Backup_Repo_07,44711.86,11631.13,26
28.02.2018,Backup_Repo_08,1024,485.2,47
28.02.2018,Backup_Repo_10,44711.86,30508.37,68
28.02.2018,Backup_Repo_11,1331.2,270.3,20
28.02.2018,Backup_Repo_12,71680,16592.08,23
28.02.2018,Backup_Repo_13,92160,48560.19,53
01.03.2018,Backup_Repo_01,10035.87,1793.05,18
01.03.2018,Backup_Repo_02,44711.86,35667.35,80
01.03.2018,Backup_Repo_03,30172.16,11661.51,39
01.03.2018,Backup_Repo_04,30720,8774.97,29
01.03.2018,Backup_Repo_05,800,394.6,49
01.03.2018,Backup_Repo_06,1117.33,1117.16,100
01.03.2018,Backup_Repo_07,44711.86,11545.92,26
01.03.2018,Backup_Repo_08,1024,484.99,47
01.03.2018,Backup_Repo_10,44711.86,30492.33,68
01.03.2018,Backup_Repo_11,1331.2,275.62,21
01.03.2018,Backup_Repo_12,71680,16248.3,23
01.03.2018,Backup_Repo_13,92160,48592.12,53
02.03.2018,Backup_Repo_01,10035.87,1810.11,18
02.03.2018,Backup_Repo_02,44711.86,35637.21,80
02.03.2018,Backup_Repo_03,30172.16,11723.82,39
02.03.2018,Backup_Repo_04,30720,8716.64,28
02.03.2018,Backup_Repo_05,800,401.28,50
02.03.2018,Backup_Repo_06,1117.33,1117.16,100
02.03.2018,Backup_Repo_07,44711.86,11468.39,26
02.03.2018,Backup_Repo_08,1024,485.24,47
02.03.2018,Backup_Repo_10,44711.86,30502.18,68
02.03.2018,Backup_Repo_11,1331.2,275.72,21
02.03.2018,Backup_Repo_12,71680,15579.99,22
02.03.2018,Backup_Repo_13,92160,48151.96,52
03.03.2018,Backup_Repo_01,10035.87,1702.86,17
03.03.2018,Backup_Repo_02,44711.86,35569.28,80
03.03.2018,Backup_Repo_03,30172.16,11786.8,39
03.03.2018,Backup_Repo_04,30720,8822.53,29
03.03.2018,Backup_Repo_05,800,397.12,50
03.03.2018,Backup_Repo_06,1117.33,1117.16,100
03.03.2018,Backup_Repo_07,44711.86,11547.77,26
03.03.2018,Backup_Repo_08,1024,484.45,47
03.03.2018,Backup_Repo_10,44711.86,30623.16,68
03.03.2018,Backup_Repo_11,1331.2,273.6,21
03.03.2018,Backup_Repo_12,71680,15453.27,22
03.03.2018,Backup_Repo_13,92160,47943.09,52
04.03.2018,Backup_Repo_01,10035.87,1563.25,16
04.03.2018,Backup_Repo_02,44711.86,35574.09,80
04.03.2018,Backup_Repo_03,30172.16,11679.66,39
04.03.2018,Backup_Repo_04,30720,8907.7,29
04.03.2018,Backup_Repo_05,800,394.22,49
04.03.2018,Backup_Repo_06,1117.33,1117.16,100
04.03.2018,Backup_Repo_07,44711.86,11612.23,26
04.03.2018,Backup_Repo_08,1024,481.68,47
04.03.2018,Backup_Repo_10,44711.86,30567.15,68
04.03.2018,Backup_Repo_11,1331.2,270.77,20
04.03.2018,Backup_Repo_12,71680,14406.37,20
04.03.2018,Backup_Repo_13,92160,47060.97,51
05.03.2018,Backup_Repo_01,10035.87,1566.02,16
05.03.2018,Backup_Repo_02,44711.86,35579.78,80
05.03.2018,Backup_Repo_03,30172.16,11723.91,39
05.03.2018,Backup_Repo_04,30720,8978.56,29
05.03.2018,Backup_Repo_05,800,397.78,50
05.03.2018,Backup_Repo_06,1117.33,1117.16,100
05.03.2018,Backup_Repo_07,44711.86,11746.17,26
05.03.2018,Backup_Repo_08,1024,482.78,47
05.03.2018,Backup_Repo_10,44711.86,30556.96,68
05.03.2018,Backup_Repo_11,1331.2,270.87,20
05.03.2018,Backup_Repo_12,71680,15256.14,21
05.03.2018,Backup_Repo_13,92160,47668.59,52
06.03.2018,Backup_Repo_01,10035.87,1534.99,15
06.03.2018,Backup_Repo_02,44711.86,35550.51,80
06.03.2018,Backup_Repo_03,30172.16,11729.3,39
06.03.2018,Backup_Repo_04,30720,8956.25,29
06.03.2018,Backup_Repo_05,800,397.52,50
06.03.2018,Backup_Repo_06,1117.33,1117.16,100
06.03.2018,Backup_Repo_07,44711.86,11620.37,26
06.03.2018,Backup_Repo_08,1024,485.67,47
06.03.2018,Backup_Repo_10,44711.86,30498.96,68
06.03.2018,Backup_Repo_11,1331.2,273.93,21
06.03.2018,Backup_Repo_12,71680,14526.13,20
06.03.2018,Backup_Repo_13,92160,47379.2,51
07.03.2018,Backup_Repo_01,10035.87,1499.73,15
07.03.2018,Backup_Repo_02,44711.86,35521.53,79
07.03.2018,Backup_Repo_03,30172.16,11813.11,39
07.03.2018,Backup_Repo_04,30720,8922.69,29
07.03.2018,Backup_Repo_05,800,397.09,50
07.03.2018,Backup_Repo_06,1117.33,1117.16,100
07.03.2018,Backup_Repo_07,44711.86,11555.55,26
07.03.2018,Backup_Repo_08,1024,485.87,47
07.03.2018,Backup_Repo_10,44711.86,30342.81,68
07.03.2018,Backup_Repo_11,1331.2,274.05,21
07.03.2018,Backup_Repo_12,71680,13969.45,19
07.03.2018,Backup_Repo_13,92160,47204.05,51
08.03.2018,Backup_Repo_01,10035.87,1395.3,14
08.03.2018,Backup_Repo_02,44711.86,35535.6,79
08.03.2018,Backup_Repo_03,30172.16,11766.07,39
08.03.2018,Backup_Repo_04,30720,8797.51,29
08.03.2018,Backup_Repo_05,800,396.46,50
08.03.2018,Backup_Repo_06,1117.33,1117.16,100
08.03.2018,Backup_Repo_07,44711.86,11590.83,26
08.03.2018,Backup_Repo_08,1024,485.71,47
08.03.2018,Backup_Repo_10,44711.86,30337.09,68
08.03.2018,Backup_Repo_11,1331.2,275.13,21
08.03.2018,Backup_Repo_12,71680,12803.7,18
08.03.2018,Backup_Repo_13,92160,47472.34,52
09.03.2018,Backup_Repo_01,10035.87,1366.75,14
09.03.2018,Backup_Repo_02,44711.86,35561.87,80
09.03.2018,Backup_Repo_03,30172.16,11856.88,39
09.03.2018,Backup_Repo_04,30720,8859.61,29
09.03.2018,Backup_Repo_05,800,395.62,49
09.03.2018,Backup_Repo_06,1117.33,1117.16,100
09.03.2018,Backup_Repo_07,44711.86,11598.65,26
09.03.2018,Backup_Repo_08,1024,485.56,47
09.03.2018,Backup_Repo_10,44711.86,30496.38,68
09.03.2018,Backup_Repo_11,1331.2,275.14,21
09.03.2018,Backup_Repo_12,71680,11242.46,16
09.03.2018,Backup_Repo_13,92160,48061.45,52
10.03.2018,Backup_Repo_01,10035.87,1340.46,13
10.03.2018,Backup_Repo_02,44711.86,35571.02,80
10.03.2018,Backup_Repo_03,30172.16,11932.37,40
10.03.2018,Backup_Repo_04,30720,9091.63,30
10.03.2018,Backup_Repo_05,800,396.05,50
10.03.2018,Backup_Repo_06,1117.33,1117.16,100
10.03.2018,Backup_Repo_07,44711.86,11554.4,26
10.03.2018,Backup_Repo_08,1024,485.53,47
10.03.2018,Backup_Repo_10,44711.86,30520.38,68
10.03.2018,Backup_Repo_11,1331.2,277.71,21
10.03.2018,Backup_Repo_12,71680,10382.37,14
10.03.2018,Backup_Repo_13,92160,48247.06,52
11.03.2018,Backup_Repo_01,10035.87,1273.69,13
11.03.2018,Backup_Repo_02,44711.86,35584.36,80
11.03.2018,Backup_Repo_03,30172.16,11904.09,39
11.03.2018,Backup_Repo_04,30720,9378.72,31
11.03.2018,Backup_Repo_05,800,396.6,50
11.03.2018,Backup_Repo_06,1117.33,1117.16,100
11.03.2018,Backup_Repo_07,44711.86,11665.71,26
11.03.2018,Backup_Repo_08,1024,484.99,47
11.03.2018,Backup_Repo_10,44711.86,30530.46,68
11.03.2018,Backup_Repo_11,1331.2,277.98,21
11.03.2018,Backup_Repo_12,71680,10098.2,14
11.03.2018,Backup_Repo_13,92160,47633.63,52
12.03.2018,Backup_Repo_01,10035.87,1243.18,12
12.03.2018,Backup_Repo_02,44711.86,35597.6,80
12.03.2018,Backup_Repo_03,30172.16,11906.9,39
12.03.2018,Backup_Repo_04,30720,9718.92,32
12.03.2018,Backup_Repo_05,800,396.92,50
12.03.2018,Backup_Repo_06,1117.33,1117.16,100
12.03.2018,Backup_Repo_07,44711.86,11674.77,26
12.03.2018,Backup_Repo_08,1024,485.34,47
12.03.2018,Backup_Repo_10,44711.86,30581.47,68
12.03.2018,Backup_Repo_11,1331.2,278.84,21
12.03.2018,Backup_Repo_12,71680,9756.45,14
12.03.2018,Backup_Repo_13,92160,48255.87,52
13.03.2018,Backup_Repo_01,10035.87,1195.28,12
13.03.2018,Backup_Repo_02,44711.86,35601.14,80
13.03.2018,Backup_Repo_03,30172.16,11940.09,40
13.03.2018,Backup_Repo_04,30720,9744.95,32
13.03.2018,Backup_Repo_05,800,397.39,50
13.03.2018,Backup_Repo_06,1117.33,1117.16,100
13.03.2018,Backup_Repo_07,44711.86,11576,26
13.03.2018,Backup_Repo_08,1024,485.96,47
13.03.2018,Backup_Repo_10,44711.86,30564.46,68
13.03.2018,Backup_Repo_11,1331.2,274.61,21
13.03.2018,Backup_Repo_12,71680,7978.92,11
13.03.2018,Backup_Repo_13,92160,48492.69,53
14.03.2018,Backup_Repo_01,10035.87,1132.53,11
14.03.2018,Backup_Repo_02,44711.86,35600.32,80
14.03.2018,Backup_Repo_03,30172.16,12005.02,40
14.03.2018,Backup_Repo_04,30720,9723.77,32
14.03.2018,Backup_Repo_05,800,396.65,50
14.03.2018,Backup_Repo_06,1117.33,1117.16,100
14.03.2018,Backup_Repo_07,44711.86,11530.54,26
14.03.2018,Backup_Repo_08,1024,485.9,47
14.03.2018,Backup_Repo_10,44711.86,30558.84,68
14.03.2018,Backup_Repo_11,1331.2,270.95,20
14.03.2018,Backup_Repo_12,92160,26943.62,29
14.03.2018,Backup_Repo_13,92160,48367.2,52
15.03.2018,Backup_Repo_01,10035.87,1091.38,11
15.03.2018,Backup_Repo_02,44711.86,35606.52,80
15.03.2018,Backup_Repo_03,30172.16,11997.94,40
15.03.2018,Backup_Repo_04,30720,9707.62,32
15.03.2018,Backup_Repo_05,800,396.2,50
15.03.2018,Backup_Repo_06,1117.33,1117.16,100
15.03.2018,Backup_Repo_07,44711.86,11482.62,26
15.03.2018,Backup_Repo_08,1024,483.72,47
15.03.2018,Backup_Repo_10,44711.86,30550.66,68
15.03.2018,Backup_Repo_11,1331.2,273.42,21
15.03.2018,Backup_Repo_12,92160,25515.51,28
15.03.2018,Backup_Repo_13,92160,48316.84,52
16.03.2018,Backup_Repo_01,10035.87,1076.23,11
16.03.2018,Backup_Repo_02,44711.86,35621.53,80
16.03.2018,Backup_Repo_03,30172.16,12104.24,40
16.03.2018,Backup_Repo_04,30720,9575.99,31
16.03.2018,Backup_Repo_05,800,394.38,49
16.03.2018,Backup_Repo_06,1117.33,1117.16,100
16.03.2018,Backup_Repo_07,44711.86,11494.51,26
16.03.2018,Backup_Repo_08,1024,483.65,47
16.03.2018,Backup_Repo_10,44711.86,30561.61,68
16.03.2018,Backup_Repo_11,1331.2,274.09,21
16.03.2018,Backup_Repo_12,92160,24850.19,27
16.03.2018,Backup_Repo_13,92160,48304.16,52
17.03.2018,Backup_Repo_01,10035.87,1069.31,11
17.03.2018,Backup_Repo_02,44711.86,35623.34,80
17.03.2018,Backup_Repo_03,30172.16,12146.52,40
17.03.2018,Backup_Repo_04,30720,9720.42,32
17.03.2018,Backup_Repo_05,800,393.78,49
17.03.2018,Backup_Repo_06,1117.33,1117.16,100
17.03.2018,Backup_Repo_07,44711.86,11469.25,26
17.03.2018,Backup_Repo_08,1024,485.18,47
17.03.2018,Backup_Repo_10,44711.86,30399.78,68
17.03.2018,Backup_Repo_11,1331.2,274.72,21
17.03.2018,Backup_Repo_12,92160,24231.14,26
17.03.2018,Backup_Repo_13,92160,47824.2,52
18.03.2018,Backup_Repo_01,10035.87,979.01,10
18.03.2018,Backup_Repo_02,44711.86,35636.03,80
18.03.2018,Backup_Repo_03,30172.16,12227.89,41
18.03.2018,Backup_Repo_04,30720,9934.05,32
18.03.2018,Backup_Repo_05,800,395.86,49
18.03.2018,Backup_Repo_06,1117.33,1117.16,100
18.03.2018,Backup_Repo_07,44711.86,11454.45,26
18.03.2018,Backup_Repo_08,1024,485.07,47
18.03.2018,Backup_Repo_10,44711.86,30550.99,68
18.03.2018,Backup_Repo_11,1331.2,274.16,21
18.03.2018,Backup_Repo_12,92160,24053.93,26
18.03.2018,Backup_Repo_13,92160,46910.12,51
19.03.2018,Backup_Repo_01,10035.87,958.35,10
19.03.2018,Backup_Repo_02,44711.86,35643.58,80
19.03.2018,Backup_Repo_03,30172.16,12248.54,41
19.03.2018,Backup_Repo_04,30720,9972.31,32
19.03.2018,Backup_Repo_05,800,396.51,50
19.03.2018,Backup_Repo_06,1117.33,1117.16,100
19.03.2018,Backup_Repo_07,44711.86,11540.75,26
19.03.2018,Backup_Repo_08,1024,485.08,47
19.03.2018,Backup_Repo_10,44711.86,30343.48,68
19.03.2018,Backup_Repo_11,1331.2,274.06,21
19.03.2018,Backup_Repo_12,92160,23658.04,26
19.03.2018,Backup_Repo_13,92160,47839.3,52
20.03.2018,Backup_Repo_01,10035.87,952.2,9
20.03.2018,Backup_Repo_02,44711.86,35639.1,80
20.03.2018,Backup_Repo_03,30172.16,12320.85,41
20.03.2018,Backup_Repo_04,30720,9901.92,32
20.03.2018,Backup_Repo_05,800,395.94,49
20.03.2018,Backup_Repo_06,1117.33,1117.16,100
20.03.2018,Backup_Repo_07,44711.86,11422.58,26
20.03.2018,Backup_Repo_08,1024,482.33,47
20.03.2018,Backup_Repo_10,44711.86,30461.4,68
20.03.2018,Backup_Repo_11,1331.2,269.78,20
20.03.2018,Backup_Repo_12,92160,23317.12,25
20.03.2018,Backup_Repo_13,92160,47399.09,51
21.03.2018,Backup_Repo_01,10035.87,933.68,9
21.03.2018,Backup_Repo_02,44711.86,35637.66,80
21.03.2018,Backup_Repo_03,30172.16,12342.44,41
21.03.2018,Backup_Repo_04,30720,9861.08,32
21.03.2018,Backup_Repo_05,800,390.87,49
21.03.2018,Backup_Repo_06,1117.33,1117.16,100
21.03.2018,Backup_Repo_07,44711.86,11356.08,25
21.03.2018,Backup_Repo_08,1024,478.22,47
21.03.2018,Backup_Repo_10,44711.86,30380.57,68
21.03.2018,Backup_Repo_11,1331.2,258.05,19
21.03.2018,Backup_Repo_12,92160,22730.89,25
21.03.2018,Backup_Repo_13,92160,47023.27,51
22.03.2018,Backup_Repo_01,10035.87,900.88,9
22.03.2018,Backup_Repo_02,44711.86,35603.89,80
22.03.2018,Backup_Repo_03,30172.16,12257.18,41
22.03.2018,Backup_Repo_04,30720,9823.18,32
22.03.2018,Backup_Repo_05,800,386.94,48
22.03.2018,Backup_Repo_06,1117.33,1117.16,100
22.03.2018,Backup_Repo_07,44711.86,11298.2,25
22.03.2018,Backup_Repo_08,1024,480.01,47
22.03.2018,Backup_Repo_10,44711.86,30181.66,68
22.03.2018,Backup_Repo_11,1331.2,256.47,19
22.03.2018,Backup_Repo_12,92160,22418.71,24
22.03.2018,Backup_Repo_13,92160,46649.99,51
23.03.2018,Backup_Repo_01,10035.87,880.86,9
23.03.2018,Backup_Repo_02,44711.86,35605.28,80
23.03.2018,Backup_Repo_03,30172.16,12316.57,41
23.03.2018,Backup_Repo_04,30720,9805.57,32
23.03.2018,Backup_Repo_05,800,391.21,49
23.03.2018,Backup_Repo_06,1117.33,1117.16,100
23.03.2018,Backup_Repo_07,44711.86,11324.49,25
23.03.2018,Backup_Repo_08,1024,482.42,47
23.03.2018,Backup_Repo_10,44711.86,30133.99,67
23.03.2018,Backup_Repo_11,1331.2,264.35,20
23.03.2018,Backup_Repo_12,92160,22086.07,24
23.03.2018,Backup_Repo_13,92160,46529.58,50
24.03.2018,Backup_Repo_01,10035.87,1208.09,12
24.03.2018,Backup_Repo_02,44711.86,35596.22,80
24.03.2018,Backup_Repo_03,30172.16,12334.21,41
24.03.2018,Backup_Repo_04,30720,9667.05,31
24.03.2018,Backup_Repo_05,800,394.85,49
24.03.2018,Backup_Repo_06,1117.33,1117.16,100
24.03.2018,Backup_Repo_07,44711.86,11348.15,25
24.03.2018,Backup_Repo_08,1024,481.65,47
24.03.2018,Backup_Repo_10,44711.86,30154.56,67
24.03.2018,Backup_Repo_11,1331.2,269.27,20
24.03.2018,Backup_Repo_12,92160,21336.58,23
24.03.2018,Backup_Repo_13,92160,46507.86,50
25.03.2018,Backup_Repo_01,10035.87,1213.88,12
25.03.2018,Backup_Repo_02,44711.86,35604.38,80
25.03.2018,Backup_Repo_03,30172.16,12171.89,40
25.03.2018,Backup_Repo_04,30720,9573.22,31
25.03.2018,Backup_Repo_05,800,394.9,49
25.03.2018,Backup_Repo_06,1117.33,1117.16,100
25.03.2018,Backup_Repo_07,44711.86,11439.3,26
25.03.2018,Backup_Repo_08,1024,473.39,46
25.03.2018,Backup_Repo_10,44711.86,30056.48,67
25.03.2018,Backup_Repo_11,1331.2,258.01,19
25.03.2018,Backup_Repo_12,92160,20475.26,22
25.03.2018,Backup_Repo_13,92160,46220.62,50
26.03.2018,Backup_Repo_01,10035.87,1193.13,12
26.03.2018,Backup_Repo_02,44711.86,35611.94,80
26.03.2018,Backup_Repo_03,30172.16,12238.03,41
26.03.2018,Backup_Repo_04,30720,9701.13,32
26.03.2018,Backup_Repo_05,800,395.81,49
26.03.2018,Backup_Repo_06,1117.33,1117.16,100
26.03.2018,Backup_Repo_07,44711.86,11609.93,26
26.03.2018,Backup_Repo_08,1024,473.34,46
26.03.2018,Backup_Repo_10,44711.86,29908.41,67
26.03.2018,Backup_Repo_11,1331.2,258.17,19
26.03.2018,Backup_Repo_12,92160,20005.28,22
26.03.2018,Backup_Repo_13,92160,46313.48,50
27.03.2018,Backup_Repo_01,10035.87,1189.28,12
27.03.2018,Backup_Repo_02,44711.86,35534.42,79
27.03.2018,Backup_Repo_03,30172.16,12465.06,41
27.03.2018,Backup_Repo_04,30720,9673.56,31
27.03.2018,Backup_Repo_05,800,396.15,50
27.03.2018,Backup_Repo_06,1117.33,1117.16,100
27.03.2018,Backup_Repo_07,44711.86,11520.99,26
27.03.2018,Backup_Repo_08,1024,478.99,47
27.03.2018,Backup_Repo_10,44711.86,29784.91,67
27.03.2018,Backup_Repo_11,1331.2,270.19,20
27.03.2018,Backup_Repo_12,92160,18867.88,20
27.03.2018,Backup_Repo_13,92160,46004.04,50
28.03.2018,Backup_Repo_01,10035.87,1198.18,12
28.03.2018,Backup_Repo_02,44711.86,35544.6,79
28.03.2018,Backup_Repo_03,30172.16,12462.78,41
28.03.2018,Backup_Repo_04,30720,9868.05,32
28.03.2018,Backup_Repo_05,800,395.24,49
28.03.2018,Backup_Repo_06,1117.33,1117.16,100
28.03.2018,Backup_Repo_07,44711.86,11475.5,26
28.03.2018,Backup_Repo_08,1024,480.35,47
28.03.2018,Backup_Repo_10,44711.86,29691.92,66
28.03.2018,Backup_Repo_11,1331.2,269.88,20
28.03.2018,Backup_Repo_12,92160,18692.95,20
28.03.2018,Backup_Repo_13,92160,45945.01,50
29.03.2018,Backup_Repo_01,10035.87,1209.35,12
29.03.2018,Backup_Repo_02,44711.86,35542.46,79
29.03.2018,Backup_Repo_03,30172.16,12455.14,41
29.03.2018,Backup_Repo_04,30720,9860.49,32
29.03.2018,Backup_Repo_05,800,394.07,49
29.03.2018,Backup_Repo_06,1117.33,1117.16,100
29.03.2018,Backup_Repo_07,44711.86,11475.82,26
29.03.2018,Backup_Repo_08,1024,482.24,47
29.03.2018,Backup_Repo_10,44711.86,29582.24,66
29.03.2018,Backup_Repo_11,1331.2,270.7,20
29.03.2018,Backup_Repo_12,92160,17934.67,19
29.03.2018,Backup_Repo_13,92160,45879.05,50
30.03.2018,Backup_Repo_01,10035.87,1192.07,12
30.03.2018,Backup_Repo_02,44711.86,35548.68,80
30.03.2018,Backup_Repo_03,30172.16,12778.34,42
30.03.2018,Backup_Repo_04,30720,9840.58,32
30.03.2018,Backup_Repo_05,800,393.67,49
30.03.2018,Backup_Repo_06,1117.33,1117.16,100
30.03.2018,Backup_Repo_07,44711.86,11418.53,26
30.03.2018,Backup_Repo_08,1024,480.89,47
30.03.2018,Backup_Repo_10,44711.86,29483.84,66
30.03.2018,Backup_Repo_11,1331.2,268.6,20
30.03.2018,Backup_Repo_12,92160,17654.08,19
30.03.2018,Backup_Repo_13,92160,45858.3,50
31.03.2018,Backup_Repo_01,10035.87,1192.6,12
31.03.2018,Backup_Repo_02,44711.86,35574.63,80
31.03.2018,Backup_Repo_03,30172.16,12821.85,42
31.03.2018,Backup_Repo_04,30720,10016.77,33
31.03.2018,Backup_Repo_05,800,394.72,49
31.03.2018,Backup_Repo_06,1117.33,1117.16,100
31.03.2018,Backup_Repo_07,44711.86,11458.93,26
31.03.2018,Backup_Repo_08,1024,481.02,47
31.03.2018,Backup_Repo_10,44711.86,29378.7,66
31.03.2018,Backup_Repo_11,1331.2,267.94,20
31.03.2018,Backup_Repo_12,92160,17222.17,19
31.03.2018,Backup_Repo_13,92160,45559.32,49
01.04.2018,Backup_Repo_01,10035.87,1235.84,12
01.04.2018,Backup_Repo_02,44711.86,35653.56,80
01.04.2018,Backup_Repo_03,30172.16,12834.08,43
01.04.2018,Backup_Repo_04,30720,10049.16,33
01.04.2018,Backup_Repo_05,800,395.61,49
01.04.2018,Backup_Repo_06,1117.33,1117.16,100
01.04.2018,Backup_Repo_07,44711.86,11371.45,25
01.04.2018,Backup_Repo_08,1024,481.72,47
01.04.2018,Backup_Repo_10,44711.86,29288.73,66
01.04.2018,Backup_Repo_11,1331.2,269.51,20
01.04.2018,Backup_Repo_12,92160,13919.6,15
01.04.2018,Backup_Repo_13,92160,44796.51,49
02.04.2018,Backup_Repo_01,10035.87,1203.71,12
02.04.2018,Backup_Repo_02,44711.86,35671.13,80
02.04.2018,Backup_Repo_03,30172.16,12928.62,43
02.04.2018,Backup_Repo_04,30720,10117.98,33
02.04.2018,Backup_Repo_05,800,395.97,49
02.04.2018,Backup_Repo_06,1117.33,1117.16,100
02.04.2018,Backup_Repo_07,44711.86,11415.75,26
02.04.2018,Backup_Repo_08,1024,481.03,47
02.04.2018,Backup_Repo_10,44711.86,29159.23,65
02.04.2018,Backup_Repo_11,1331.2,273.69,21
02.04.2018,Backup_Repo_12,92160,14423.12,16
02.04.2018,Backup_Repo_13,92160,45930.24,50
03.04.2018,Backup_Repo_01,10035.87,1218.38,12
03.04.2018,Backup_Repo_02,44711.86,35682.82,80
03.04.2018,Backup_Repo_03,30172.16,12987.35,43
03.04.2018,Backup_Repo_04,30720,10117.34,33
03.04.2018,Backup_Repo_05,800,395.15,49
03.04.2018,Backup_Repo_06,1117.33,1117.16,100
03.04.2018,Backup_Repo_07,44711.86,11393.31,25
03.04.2018,Backup_Repo_08,1024,480.77,47
03.04.2018,Backup_Repo_10,44711.86,29077.28,65
03.04.2018,Backup_Repo_11,1331.2,270.44,20
03.04.2018,Backup_Repo_12,92160,14301.87,16
03.04.2018,Backup_Repo_13,92160,45783.12,50
04.04.2018,Backup_Repo_01,10035.87,1227.69,12
04.04.2018,Backup_Repo_02,44711.86,35719.91,80
04.04.2018,Backup_Repo_03,30172.16,13077.36,43
04.04.2018,Backup_Repo_04,30720,10059.41,33
04.04.2018,Backup_Repo_05,800,394.64,49
04.04.2018,Backup_Repo_06,1117.33,1117.16,100
04.04.2018,Backup_Repo_07,44711.86,11385.24,25
04.04.2018,Backup_Repo_08,1024,481.61,47
04.04.2018,Backup_Repo_10,44711.86,28985.16,65
04.04.2018,Backup_Repo_11,1331.2,267.86,20
04.04.2018,Backup_Repo_12,92160,13961.81,15
04.04.2018,Backup_Repo_13,92160,45665.96,50
05.04.2018,Backup_Repo_01,10035.87,1221.62,12
05.04.2018,Backup_Repo_02,44711.86,35754.1,80
05.04.2018,Backup_Repo_03,30172.16,13195.92,44
05.04.2018,Backup_Repo_04,30720,10036.61,33
05.04.2018,Backup_Repo_05,800,393.92,49
05.04.2018,Backup_Repo_06,1117.33,1117.16,100
05.04.2018,Backup_Repo_07,44711.86,11335.31,25
05.04.2018,Backup_Repo_08,1024,481.09,47
05.04.2018,Backup_Repo_10,44711.86,28888,65
05.04.2018,Backup_Repo_11,1331.2,271.76,20
05.04.2018,Backup_Repo_12,92160,13843.96,15
05.04.2018,Backup_Repo_13,92160,45535.98,49
06.04.2018,Backup_Repo_01,10035.87,1229.96,12
06.04.2018,Backup_Repo_02,44711.86,35753.59,80
06.04.2018,Backup_Repo_03,30172.16,13319.08,44
06.04.2018,Backup_Repo_04,30720,10038.33,33
06.04.2018,Backup_Repo_05,800,393.13,49
06.04.2018,Backup_Repo_06,1117.33,1117.16,100
06.04.2018,Backup_Repo_07,44711.86,11231.84,25
06.04.2018,Backup_Repo_08,1024,480.83,47
06.04.2018,Backup_Repo_10,44711.86,28815.18,64
06.04.2018,Backup_Repo_11,1331.2,275.23,21
06.04.2018,Backup_Repo_12,92160,13409.74,15
06.04.2018,Backup_Repo_13,92160,45452.3,49
07.04.2018,Backup_Repo_01,10035.87,1231.63,12
07.04.2018,Backup_Repo_02,44711.86,35760.74,80
07.04.2018,Backup_Repo_03,30172.16,13362.96,44
07.04.2018,Backup_Repo_04,30720,10074.58,33
07.04.2018,Backup_Repo_05,800,394.3,49
07.04.2018,Backup_Repo_06,1117.33,1117.16,100
07.04.2018,Backup_Repo_07,44711.86,11195.73,25
07.04.2018,Backup_Repo_08,1024,481.73,47
07.04.2018,Backup_Repo_10,44711.86,28791.57,64
07.04.2018,Backup_Repo_11,1331.2,274.87,21
07.04.2018,Backup_Repo_12,92160,13585.2,15
07.04.2018,Backup_Repo_13,92160,44392.48,48
08.04.2018,Backup_Repo_01,10035.87,1229.38,12
08.04.2018,Backup_Repo_02,44711.86,35771.68,80
08.04.2018,Backup_Repo_03,30172.16,13288.55,44
08.04.2018,Backup_Repo_04,30720,10117.31,33
08.04.2018,Backup_Repo_05,800,394.99,49
08.04.2018,Backup_Repo_06,1117.33,1117.16,100
08.04.2018,Backup_Repo_07,44711.86,11314.52,25
08.04.2018,Backup_Repo_08,1024,482.3,47
08.04.2018,Backup_Repo_10,44711.86,28372.52,63
08.04.2018,Backup_Repo_11,1331.2,271.21,20
08.04.2018,Backup_Repo_12,92160,13567.47,15
08.04.2018,Backup_Repo_13,92160,43894.79,48
09.04.2018,Backup_Repo_01,10035.87,1201.39,12
09.04.2018,Backup_Repo_02,44711.86,35773.08,80
09.04.2018,Backup_Repo_03,30172.16,13157.25,44
09.04.2018,Backup_Repo_04,30720,10166.07,33
09.04.2018,Backup_Repo_05,800,394.89,49
09.04.2018,Backup_Repo_06,1117.33,1117.16,100
09.04.2018,Backup_Repo_07,44711.86,11311,25
09.04.2018,Backup_Repo_08,1024,481.84,47
09.04.2018,Backup_Repo_10,44711.86,28340.05,63
09.04.2018,Backup_Repo_11,1331.2,270.21,20
09.04.2018,Backup_Repo_12,92160,13275.2,14
09.04.2018,Backup_Repo_13,92160,44392.32,48
10.04.2018,Backup_Repo_01,10035.87,1232.28,12
10.04.2018,Backup_Repo_02,44711.86,35771.83,80
10.04.2018,Backup_Repo_03,30172.16,13404.35,44
10.04.2018,Backup_Repo_04,30720,9956.92,32
10.04.2018,Backup_Repo_05,800,395.31,49
10.04.2018,Backup_Repo_06,1117.33,1117.16,100
10.04.2018,Backup_Repo_07,44711.86,11200.76,25
10.04.2018,Backup_Repo_08,1024,481.66,47
10.04.2018,Backup_Repo_10,44711.86,28580.59,64
10.04.2018,Backup_Repo_11,1331.2,267.55,20
10.04.2018,Backup_Repo_12,92160,13133.7,14
10.04.2018,Backup_Repo_13,92160,44113.57,48
11.04.2018,Backup_Repo_01,10035.87,1255.84,13
11.04.2018,Backup_Repo_02,44711.86,35774.69,80
11.04.2018,Backup_Repo_03,30172.16,13440.46,45
11.04.2018,Backup_Repo_04,30720,9596.85,31
11.04.2018,Backup_Repo_05,800,395.27,49
11.04.2018,Backup_Repo_06,1117.33,1117.16,100
11.04.2018,Backup_Repo_07,44711.86,9533.11,21
11.04.2018,Backup_Repo_08,1024,481.59,47
11.04.2018,Backup_Repo_10,44711.86,28575.16,64
11.04.2018,Backup_Repo_11,1331.2,267.93,20
11.04.2018,Backup_Repo_12,92160,13063.06,14
11.04.2018,Backup_Repo_13,92160,44034,48
12.04.2018,Backup_Repo_01,10035.87,1267.92,13
12.04.2018,Backup_Repo_02,44711.86,32554.78,73
12.04.2018,Backup_Repo_03,30172.16,13423.04,44
12.04.2018,Backup_Repo_04,30720,9582.07,31
12.04.2018,Backup_Repo_05,800,394.49,49
12.04.2018,Backup_Repo_06,1117.33,1117.16,100
12.04.2018,Backup_Repo_07,44711.86,9505.86,21
12.04.2018,Backup_Repo_08,1024,478.98,47
12.04.2018,Backup_Repo_10,44711.86,28651.22,64
12.04.2018,Backup_Repo_11,1331.2,264.19,20
12.04.2018,Backup_Repo_12,92160,12441.09,13
12.04.2018,Backup_Repo_13,92160,43959.13,48
13.04.2018,Backup_Repo_01,10035.87,1268.56,13
13.04.2018,Backup_Repo_02,44711.86,32514.26,73
13.04.2018,Backup_Repo_03,30172.16,13430.03,45
13.04.2018,Backup_Repo_04,30720,9457.25,31
13.04.2018,Backup_Repo_05,800,393.59,49
13.04.2018,Backup_Repo_06,1117.33,1117.16,100
13.04.2018,Backup_Repo_07,44711.86,9481.32,21
13.04.2018,Backup_Repo_08,1024,478.89,47
13.04.2018,Backup_Repo_10,44711.86,28251.25,63
13.04.2018,Backup_Repo_11,1331.2,262.25,20
13.04.2018,Backup_Repo_12,92160,13565.72,15
13.04.2018,Backup_Repo_13,92160,43870.93,48
14.04.2018,Backup_Repo_01,10035.87,1274.74,13
14.04.2018,Backup_Repo_02,44711.86,32511.2,73
14.04.2018,Backup_Repo_03,30172.16,13423.17,44
14.04.2018,Backup_Repo_04,30720,9632.41,31
14.04.2018,Backup_Repo_05,800,393.16,49
14.04.2018,Backup_Repo_06,1117.33,1117.16,100
14.04.2018,Backup_Repo_07,44711.86,9416.8,21
14.04.2018,Backup_Repo_08,1024,480.28,47
14.04.2018,Backup_Repo_10,44711.86,28257.2,63
14.04.2018,Backup_Repo_11,1331.2,267.38,20
14.04.2018,Backup_Repo_12,92160,12898.89,14
14.04.2018,Backup_Repo_13,92160,43639.34,47
15.04.2018,Backup_Repo_01,10035.87,1242.25,12
15.04.2018,Backup_Repo_02,44711.86,32518.6,73
15.04.2018,Backup_Repo_03,30172.16,13374,44
15.04.2018,Backup_Repo_04,30720,9675.55,31
15.04.2018,Backup_Repo_05,800,393.67,49
15.04.2018,Backup_Repo_06,1117.33,1117.16,100
15.04.2018,Backup_Repo_07,44711.86,9395.46,21
15.04.2018,Backup_Repo_08,1024,478.27,47
15.04.2018,Backup_Repo_10,44711.86,27883.54,62
15.04.2018,Backup_Repo_11,1331.2,268.2,20
15.04.2018,Backup_Repo_12,92160,12756.68,14
15.04.2018,Backup_Repo_13,92160,43313.51,47
16.04.2018,Backup_Repo_01,10035.87,1199.54,12
16.04.2018,Backup_Repo_02,44711.86,32515.39,73
16.04.2018,Backup_Repo_03,30172.16,13338.64,44
16.04.2018,Backup_Repo_04,30720,9714,32
16.04.2018,Backup_Repo_05,800,394.63,49
16.04.2018,Backup_Repo_06,1117.33,1117.16,100
16.04.2018,Backup_Repo_07,44711.86,9445.35,21
16.04.2018,Backup_Repo_08,1024,478.91,47
16.04.2018,Backup_Repo_10,44711.86,27727.64,62
16.04.2018,Backup_Repo_11,1331.2,268.38,20
16.04.2018,Backup_Repo_12,92160,12535.69,14
16.04.2018,Backup_Repo_13,92160,43891.98,48
17.04.2018,Backup_Repo_01,10035.87,1246.1,12
17.04.2018,Backup_Repo_02,44711.86,32507.71,73
17.04.2018,Backup_Repo_03,30172.16,13387.58,44
17.04.2018,Backup_Repo_04,30720,9540.32,31
17.04.2018,Backup_Repo_05,800,394.5,49
17.04.2018,Backup_Repo_06,1117.33,1117.16,100
17.04.2018,Backup_Repo_07,44711.86,9268.29,21
17.04.2018,Backup_Repo_08,1024,477.14,47
17.04.2018,Backup_Repo_10,44711.86,27514.55,62
17.04.2018,Backup_Repo_11,1331.2,264.93,20
17.04.2018,Backup_Repo_12,92160,12364.85,13
17.04.2018,Backup_Repo_13,92160,43632.08,47
18.04.2018,Backup_Repo_01,10035.87,1234.28,12
18.04.2018,Backup_Repo_02,44711.86,31850.17,71
18.04.2018,Backup_Repo_03,30172.16,13392.37,44
18.04.2018,Backup_Repo_04,30720,9474.66,31
18.04.2018,Backup_Repo_05,800,391.02,49
18.04.2018,Backup_Repo_06,1117.33,1117.16,100
18.04.2018,Backup_Repo_07,44711.86,9047.13,20
18.04.2018,Backup_Repo_08,1024,473.64,46
18.04.2018,Backup_Repo_10,44711.86,27250.77,61
18.04.2018,Backup_Repo_11,1331.2,264.3,20
18.04.2018,Backup_Repo_12,92160,12281.45,13
18.04.2018,Backup_Repo_13,92160,43285.17,47
19.04.2018,Backup_Repo_01,10035.87,1230.13,12
19.04.2018,Backup_Repo_02,44711.86,31881.15,71
19.04.2018,Backup_Repo_03,30172.16,13384.98,44
19.04.2018,Backup_Repo_04,30720,9481.81,31
19.04.2018,Backup_Repo_05,800,382.22,48
19.04.2018,Backup_Repo_06,1117.33,1117.16,100
19.04.2018,Backup_Repo_07,44711.86,8269.58,18
19.04.2018,Backup_Repo_08,1024,473.36,46
19.04.2018,Backup_Repo_10,44711.86,27458.24,61
19.04.2018,Backup_Repo_11,1331.2,266.39,20
19.04.2018,Backup_Repo_12,92160,12197.09,13
19.04.2018,Backup_Repo_13,92160,42755.08,46
20.04.2018,Backup_Repo_01,10035.87,1242.83,12
20.04.2018,Backup_Repo_02,44711.86,31963.44,71
20.04.2018,Backup_Repo_03,30172.16,13388.91,44
20.04.2018,Backup_Repo_04,30720,9391.41,31
20.04.2018,Backup_Repo_05,800,388.83,49
20.04.2018,Backup_Repo_06,1117.33,1117.16,100
20.04.2018,Backup_Repo_07,44711.86,8139.62,18
20.04.2018,Backup_Repo_08,1024,476.15,46
20.04.2018,Backup_Repo_10,44711.86,26757.63,60
20.04.2018,Backup_Repo_11,1331.2,261.31,20
20.04.2018,Backup_Repo_12,92160,11384.78,12
20.04.2018,Backup_Repo_13,92160,43073.24,47
21.04.2018,Backup_Repo_01,10035.87,1243.52,12
21.04.2018,Backup_Repo_02,44711.86,31964.8,71
21.04.2018,Backup_Repo_03,30172.16,13459.92,45
21.04.2018,Backup_Repo_04,30720,9295.46,30
21.04.2018,Backup_Repo_05,800,390.17,49
21.04.2018,Backup_Repo_06,1117.33,1117.16,100
21.04.2018,Backup_Repo_07,44711.86,8040.73,18
21.04.2018,Backup_Repo_08,1024,477.56,47
21.04.2018,Backup_Repo_10,44711.86,26650.88,60
21.04.2018,Backup_Repo_11,1331.2,259.53,19
21.04.2018,Backup_Repo_12,92160,11064.38,12
21.04.2018,Backup_Repo_13,92160,43113.53,47
22.04.2018,Backup_Repo_01,10035.87,1247.58,12
22.04.2018,Backup_Repo_02,44711.86,31981.71,72
22.04.2018,Backup_Repo_03,30172.16,13512.27,45
22.04.2018,Backup_Repo_04,30720,9423.1,31
22.04.2018,Backup_Repo_05,800,392.84,49
22.04.2018,Backup_Repo_06,1117.33,1117.16,100
22.04.2018,Backup_Repo_07,44711.86,8151.18,18
22.04.2018,Backup_Repo_08,1024,471.53,46
22.04.2018,Backup_Repo_10,44711.86,25403.72,57
22.04.2018,Backup_Repo_11,1331.2,251.25,19
22.04.2018,Backup_Repo_12,92160,14622.87,16
22.04.2018,Backup_Repo_13,92160,43130.64,47
23.04.2018,Backup_Repo_01,10035.87,1212.97,12
23.04.2018,Backup_Repo_02,44711.86,31984.46,72
23.04.2018,Backup_Repo_03,30172.16,13549.04,45
23.04.2018,Backup_Repo_04,30720,9506.94,31
23.04.2018,Backup_Repo_05,800,393.87,49
23.04.2018,Backup_Repo_06,1117.33,1117.16,100
23.04.2018,Backup_Repo_07,44711.86,7553.95,17
23.04.2018,Backup_Repo_08,1024,469.62,46
23.04.2018,Backup_Repo_10,44711.86,25518.51,57
23.04.2018,Backup_Repo_11,1331.2,253.51,19
23.04.2018,Backup_Repo_12,92160,14635.49,16
23.04.2018,Backup_Repo_13,92160,43264.47,47
24.04.2018,Backup_Repo_01,10035.87,1232.42,12
24.04.2018,Backup_Repo_02,44711.86,31952.35,71
24.04.2018,Backup_Repo_03,30172.16,13470.34,45
24.04.2018,Backup_Repo_04,30720,9429.68,31
24.04.2018,Backup_Repo_05,800,394.78,49
24.04.2018,Backup_Repo_06,1117.33,1117.16,100
24.04.2018,Backup_Repo_07,44711.86,7306.17,16
24.04.2018,Backup_Repo_08,1024,475.58,46
24.04.2018,Backup_Repo_10,44711.86,25063.1,56
24.04.2018,Backup_Repo_11,1331.2,263.3,20
24.04.2018,Backup_Repo_12,92160,14530.23,16
24.04.2018,Backup_Repo_13,92160,42739.1,46
25.04.2018,Backup_Repo_01,10035.87,1201.7,12
25.04.2018,Backup_Repo_02,44711.86,31998.68,72
25.04.2018,Backup_Repo_03,30172.16,13672.34,45
25.04.2018,Backup_Repo_04,30720,9369.71,31
25.04.2018,Backup_Repo_05,800,393.3,49
25.04.2018,Backup_Repo_06,1117.33,1117.16,100
25.04.2018,Backup_Repo_07,44711.86,7163.18,16
25.04.2018,Backup_Repo_08,1024,476.56,47
25.04.2018,Backup_Repo_10,44711.86,24389.63,55
25.04.2018,Backup_Repo_11,1331.2,262.28,20
25.04.2018,Backup_Repo_12,92160,14329.84,16
25.04.2018,Backup_Repo_13,92160,42924.6,47
26.04.2018,Backup_Repo_01,10035.87,1192.93,12
26.04.2018,Backup_Repo_02,44711.86,31986.1,72
26.04.2018,Backup_Repo_03,30172.16,13691.5,45
26.04.2018,Backup_Repo_04,30720,9345.02,30
26.04.2018,Backup_Repo_05,800,391.12,49
26.04.2018,Backup_Repo_06,1117.33,1117.16,100
26.04.2018,Backup_Repo_07,44711.86,7016.44,16
26.04.2018,Backup_Repo_08,1024,476.63,47
26.04.2018,Backup_Repo_10,44711.86,24076.28,54
26.04.2018,Backup_Repo_11,1331.2,268.27,20
26.04.2018,Backup_Repo_12,92160,14029.55,15
26.04.2018,Backup_Repo_13,92160,43245.17,47
27.04.2018,Backup_Repo_01,10035.87,1188.01,12
27.04.2018,Backup_Repo_02,44711.86,31976.17,72
27.04.2018,Backup_Repo_03,30172.16,13741.68,46
27.04.2018,Backup_Repo_04,30720,9293.57,30
27.04.2018,Backup_Repo_05,800,392.87,49
27.04.2018,Backup_Repo_06,1117.33,1117.16,100
27.04.2018,Backup_Repo_07,44711.86,6885.33,15
27.04.2018,Backup_Repo_08,1024,474.59,46
27.04.2018,Backup_Repo_10,44711.86,23528.86,53
27.04.2018,Backup_Repo_11,1331.2,271.53,20
27.04.2018,Backup_Repo_12,92160,13807.38,15
27.04.2018,Backup_Repo_13,92160,42453.3,46
28.04.2018,Backup_Repo_01,10035.87,1178.52,12
28.04.2018,Backup_Repo_02,44711.86,31941.48,71
28.04.2018,Backup_Repo_03,30172.16,13861.1,46
28.04.2018,Backup_Repo_04,30720,9313.83,30
28.04.2018,Backup_Repo_05,800,395.7,49
28.04.2018,Backup_Repo_06,1117.33,1117.16,100
28.04.2018,Backup_Repo_07,44711.86,6723.63,15
28.04.2018,Backup_Repo_08,1024,473.59,46
28.04.2018,Backup_Repo_10,44711.86,22797.35,51
28.04.2018,Backup_Repo_11,1331.2,266.29,20
28.04.2018,Backup_Repo_12,92160,13828.32,15
28.04.2018,Backup_Repo_13,92160,42493.6,46
29.04.2018,Backup_Repo_01,10035.87,1190.99,12
29.04.2018,Backup_Repo_02,44711.86,31949.88,71
29.04.2018,Backup_Repo_03,30172.16,13880.41,46
29.04.2018,Backup_Repo_04,30720,9251.38,30
29.04.2018,Backup_Repo_05,800,395.09,49
29.04.2018,Backup_Repo_06,1117.33,1117.16,100
29.04.2018,Backup_Repo_07,44711.86,6633.64,15
29.04.2018,Backup_Repo_08,1024,475.55,46
29.04.2018,Backup_Repo_10,44711.86,22561.87,50
29.04.2018,Backup_Repo_11,1331.2,262.86,20
29.04.2018,Backup_Repo_12,92160,10166.89,11
29.04.2018,Backup_Repo_13,92160,42386.88,46
30.04.2018,Backup_Repo_01,10035.87,1151.98,11
30.04.2018,Backup_Repo_02,44711.86,31933.15,71
30.04.2018,Backup_Repo_03,30172.16,13956.88,46
30.04.2018,Backup_Repo_04,30720,9379.74,31
30.04.2018,Backup_Repo_05,800,394.72,49
30.04.2018,Backup_Repo_06,1117.33,1117.16,100
30.04.2018,Backup_Repo_07,44711.86,6642.85,15
30.04.2018,Backup_Repo_08,1024,476.39,47
30.04.2018,Backup_Repo_10,44711.86,22447.48,50
30.04.2018,Backup_Repo_11,1331.2,268.75,20
30.04.2018,Backup_Repo_12,92160,10139.47,11
30.04.2018,Backup_Repo_13,92160,42483.37,46
01.05.2018,Backup_Repo_01,10035.87,1172.74,12
01.05.2018,Backup_Repo_02,44711.86,34133.17,76
01.05.2018,Backup_Repo_03,30172.16,13975.41,46
01.05.2018,Backup_Repo_04,30720,9356.72,30
01.05.2018,Backup_Repo_05,800,394.95,49
01.05.2018,Backup_Repo_06,1117.33,1117.16,100
01.05.2018,Backup_Repo_07,44711.86,6574.21,15
01.05.2018,Backup_Repo_08,1024,476.66,47
01.05.2018,Backup_Repo_10,44711.86,22218.87,50
01.05.2018,Backup_Repo_11,1331.2,265.63,20
01.05.2018,Backup_Repo_12,92160,10448.41,11
01.05.2018,Backup_Repo_13,92160,42483.04,46
02.05.2018,Backup_Repo_01,10035.87,1158.5,12
02.05.2018,Backup_Repo_02,44711.86,34113.73,76
02.05.2018,Backup_Repo_03,30172.16,14027.6,46
02.05.2018,Backup_Repo_04,30720,9244,30
02.05.2018,Backup_Repo_05,800,395.17,49
02.05.2018,Backup_Repo_06,1117.33,1117.16,100
02.05.2018,Backup_Repo_07,44711.86,6429.42,14
02.05.2018,Backup_Repo_08,1024,476.96,47
02.05.2018,Backup_Repo_10,44711.86,21994.09,49
02.05.2018,Backup_Repo_11,1331.2,262.21,20
02.05.2018,Backup_Repo_12,92160,9853.56,11
02.05.2018,Backup_Repo_13,92160,41873.14,45
03.05.2018,Backup_Repo_01,10035.87,1132.41,11
03.05.2018,Backup_Repo_02,44711.86,34094.43,76
03.05.2018,Backup_Repo_03,30172.16,14006.6,46
03.05.2018,Backup_Repo_04,30720,9499.54,31
03.05.2018,Backup_Repo_05,800,395.02,49
03.05.2018,Backup_Repo_06,1117.33,1117.16,100
03.05.2018,Backup_Repo_07,44711.86,6255.31,14
03.05.2018,Backup_Repo_08,1024,476.77,47
03.05.2018,Backup_Repo_10,44711.86,21987.67,49
03.05.2018,Backup_Repo_11,1331.2,269.77,20
03.05.2018,Backup_Repo_12,92160,10185.67,11
03.05.2018,Backup_Repo_13,92160,42088.15,46
04.05.2018,Backup_Repo_01,10035.87,1122.46,11
04.05.2018,Backup_Repo_02,44711.86,34032.54,76
04.05.2018,Backup_Repo_03,30172.16,14019.97,46
04.05.2018,Backup_Repo_04,30720,9530.67,31
04.05.2018,Backup_Repo_05,800,394.18,49
04.05.2018,Backup_Repo_06,1117.33,1117.16,100
04.05.2018,Backup_Repo_07,44711.86,6154.62,14
04.05.2018,Backup_Repo_08,1024,476.52,47
04.05.2018,Backup_Repo_10,44711.86,21887.72,49
04.05.2018,Backup_Repo_11,1331.2,269.45,20
04.05.2018,Backup_Repo_12,92160,10870.51,12
04.05.2018,Backup_Repo_13,92160,40579.12,44
05.05.2018,Backup_Repo_01,10035.87,1119.99,11
05.05.2018,Backup_Repo_02,44711.86,34014.54,76
05.05.2018,Backup_Repo_03,30172.16,14004.89,46
05.05.2018,Backup_Repo_04,30720,9558.1,31
05.05.2018,Backup_Repo_05,800,393.59,49
05.05.2018,Backup_Repo_06,1117.33,1117.16,100
05.05.2018,Backup_Repo_07,44711.86,5971.5,13
05.05.2018,Backup_Repo_08,1024,476.42,47
05.05.2018,Backup_Repo_10,44711.86,21863.68,49
05.05.2018,Backup_Repo_11,1331.2,269.74,20
05.05.2018,Backup_Repo_12,92160,11037.97,12
05.05.2018,Backup_Repo_13,92160,41602.18,45
06.05.2018,Backup_Repo_01,10035.87,1191.37,12
06.05.2018,Backup_Repo_02,44711.86,33998.2,76
06.05.2018,Backup_Repo_03,30172.16,14056.77,47
06.05.2018,Backup_Repo_04,30720,9603.62,31
06.05.2018,Backup_Repo_05,800,393.99,49
06.05.2018,Backup_Repo_06,1117.33,1117.16,100
06.05.2018,Backup_Repo_07,44711.86,5951.84,13
06.05.2018,Backup_Repo_08,1024,476.6,47
06.05.2018,Backup_Repo_10,44711.86,22144.55,50
06.05.2018,Backup_Repo_11,1331.2,269.4,20
06.05.2018,Backup_Repo_12,92160,11613.79,13
06.05.2018,Backup_Repo_13,92160,41182.75,45
07.05.2018,Backup_Repo_01,10035.87,1173.85,12
07.05.2018,Backup_Repo_02,44711.86,33979.82,76
07.05.2018,Backup_Repo_03,30172.16,14065.31,47
07.05.2018,Backup_Repo_04,30720,9676.8,32
07.05.2018,Backup_Repo_05,800,394.53,49
07.05.2018,Backup_Repo_06,1117.33,1117.16,100
07.05.2018,Backup_Repo_07,44711.86,5795.85,13
07.05.2018,Backup_Repo_08,1024,477.02,47
07.05.2018,Backup_Repo_10,44711.86,22872.49,51
07.05.2018,Backup_Repo_11,1331.2,265.38,20
07.05.2018,Backup_Repo_12,92160,13152.09,14
07.05.2018,Backup_Repo_13,92160,41411.51,45
08.05.2018,Backup_Repo_01,10035.87,1194.64,12
08.05.2018,Backup_Repo_02,44711.86,33950.79,76
08.05.2018,Backup_Repo_03,30172.16,14201.5,47
08.05.2018,Backup_Repo_04,30720,9675.43,31
08.05.2018,Backup_Repo_05,800,394,49
08.05.2018,Backup_Repo_06,1117.33,1117.16,100
08.05.2018,Backup_Repo_07,44711.86,5546.31,12
08.05.2018,Backup_Repo_08,1024,479.87,47
08.05.2018,Backup_Repo_10,44711.86,22701.89,51
08.05.2018,Backup_Repo_11,1331.2,262.4,20
08.05.2018,Backup_Repo_12,92160,12913.61,14
08.05.2018,Backup_Repo_13,92160,41246.91,45
09.05.2018,Backup_Repo_01,10035.87,1192.97,12
09.05.2018,Backup_Repo_02,44711.86,33925.32,76
09.05.2018,Backup_Repo_03,30172.16,14130.89,47
09.05.2018,Backup_Repo_04,30720,9662.47,31
09.05.2018,Backup_Repo_05,800,393.86,49
09.05.2018,Backup_Repo_06,1117.33,1117.16,100
09.05.2018,Backup_Repo_07,44711.86,5341.13,12
09.05.2018,Backup_Repo_08,1024,479.36,47
09.05.2018,Backup_Repo_10,44711.86,23390.84,52
09.05.2018,Backup_Repo_11,1331.2,262.48,20
09.05.2018,Backup_Repo_12,92160,12913.61,14
09.05.2018,Backup_Repo_13,92160,41256.91,45
10.05.2018,Backup_Repo_01,10035.87,1176.88,12
10.05.2018,Backup_Repo_02,44711.86,33898.72,76
10.05.2018,Backup_Repo_03,30172.16,14297.36,47
10.05.2018,Backup_Repo_04,30720,9824.82,32
10.05.2018,Backup_Repo_05,800,394.29,49
10.05.2018,Backup_Repo_06,1117.33,1117.16,100
10.05.2018,Backup_Repo_07,44711.86,5126.57,11
10.05.2018,Backup_Repo_08,1024,471.86,46
10.05.2018,Backup_Repo_10,44711.86,23135.89,52
10.05.2018,Backup_Repo_11,1331.2,265.58,20
10.05.2018,Backup_Repo_12,92160,11934.62,13
10.05.2018,Backup_Repo_13,92160,40759.37,44
11.05.2018,Backup_Repo_01,10035.87,1177.61,12
11.05.2018,Backup_Repo_02,44711.86,33884.71,76
11.05.2018,Backup_Repo_03,30172.16,14348.23,48
11.05.2018,Backup_Repo_04,30720,10039.47,33
11.05.2018,Backup_Repo_05,800,393.14,49
11.05.2018,Backup_Repo_06,1117.33,1117.16,100
11.05.2018,Backup_Repo_07,44711.86,5048.49,11
11.05.2018,Backup_Repo_08,1024,471.87,46
11.05.2018,Backup_Repo_10,44711.86,23084.11,52
11.05.2018,Backup_Repo_11,1331.2,266,20
11.05.2018,Backup_Repo_12,92160,12167.17,13
11.05.2018,Backup_Repo_13,92160,41178.08,45
12.05.2018,Backup_Repo_01,10035.87,1187.6,12
12.05.2018,Backup_Repo_02,44711.86,33861.61,76
12.05.2018,Backup_Repo_03,30172.16,14405.22,48
12.05.2018,Backup_Repo_04,30720,10240.76,33
12.05.2018,Backup_Repo_05,800,392.45,49
12.05.2018,Backup_Repo_06,1117.33,1117.16,100
12.05.2018,Backup_Repo_07,44711.86,4799.8,11
12.05.2018,Backup_Repo_08,1024,475.17,46
12.05.2018,Backup_Repo_10,44711.86,23727.6,53
12.05.2018,Backup_Repo_11,1331.2,266.42,20
12.05.2018,Backup_Repo_12,92160,12132.99,13
12.05.2018,Backup_Repo_13,92160,41220.15,45
13.05.2018,Backup_Repo_01,10035.87,1199.41,12
13.05.2018,Backup_Repo_02,44711.86,33848.81,76
13.05.2018,Backup_Repo_03,30172.16,14467.29,48
13.05.2018,Backup_Repo_04,30720,10336.06,34
13.05.2018,Backup_Repo_05,800,393.86,49
13.05.2018,Backup_Repo_06,1117.33,1117.16,100
13.05.2018,Backup_Repo_07,44711.86,4605.47,10
13.05.2018,Backup_Repo_08,1024,474.52,46
13.05.2018,Backup_Repo_10,44711.86,23496.34,53
13.05.2018,Backup_Repo_11,1331.2,266.93,20
13.05.2018,Backup_Repo_12,92160,12051.76,13
13.05.2018,Backup_Repo_13,92160,40777.73,44
14.05.2018,Backup_Repo_01,10035.87,1184.44,12
14.05.2018,Backup_Repo_02,44711.86,33834.2,76
14.05.2018,Backup_Repo_03,30172.16,14505.5,48
14.05.2018,Backup_Repo_04,30720,10433.34,34
14.05.2018,Backup_Repo_05,800,394.63,49
14.05.2018,Backup_Repo_06,1117.33,1117.16,100
14.05.2018,Backup_Repo_07,44711.86,4512.87,10
14.05.2018,Backup_Repo_08,1024,474.17,46
14.05.2018,Backup_Repo_10,44711.86,23093.29,52
14.05.2018,Backup_Repo_11,1331.2,267.07,20
14.05.2018,Backup_Repo_12,92160,11578.8,13
14.05.2018,Backup_Repo_13,92160,40608.49,44
15.05.2018,Backup_Repo_01,10035.87,1201.45,12
15.05.2018,Backup_Repo_02,44711.86,33795.48,76
15.05.2018,Backup_Repo_03,30172.16,14579.61,48
15.05.2018,Backup_Repo_04,30720,10428.21,34
15.05.2018,Backup_Repo_05,800,394.15,49
15.05.2018,Backup_Repo_06,1117.33,1117.16,100
15.05.2018,Backup_Repo_07,44711.86,4201.75,9
15.05.2018,Backup_Repo_08,1024,469.58,46
15.05.2018,Backup_Repo_10,44711.86,23062.14,52
15.05.2018,Backup_Repo_11,1331.2,252.77,19
15.05.2018,Backup_Repo_12,92160,11098.69,12
15.05.2018,Backup_Repo_13,92160,42328.45,46
16.05.2018,Backup_Repo_01,10035.87,1173.13,12
16.05.2018,Backup_Repo_02,44711.86,33774.47,76
16.05.2018,Backup_Repo_03,30172.16,14676.81,49
16.05.2018,Backup_Repo_04,30720,10408.95,34
16.05.2018,Backup_Repo_05,800,388.67,49
16.05.2018,Backup_Repo_06,1117.33,1117.16,100
16.05.2018,Backup_Repo_07,44711.86,3971.98,9
16.05.2018,Backup_Repo_08,1024,469.6,46
16.05.2018,Backup_Repo_10,44711.86,22742.96,51
16.05.2018,Backup_Repo_11,1331.2,250.1,19
16.05.2018,Backup_Repo_12,92160,10743.61,12
16.05.2018,Backup_Repo_13,92160,41958.62,46
17.05.2018,Backup_Repo_01,10035.87,1151.46,11
17.05.2018,Backup_Repo_02,44711.86,33769.46,76
17.05.2018,Backup_Repo_03,30172.16,14653.19,49
17.05.2018,Backup_Repo_04,30720,10518.29,34
17.05.2018,Backup_Repo_05,800,381.84,48
17.05.2018,Backup_Repo_06,1117.33,1117.16,100
17.05.2018,Backup_Repo_07,44711.86,2928.95,7
17.05.2018,Backup_Repo_08,1024,472.59,46
17.05.2018,Backup_Repo_10,44711.86,23067.37,52
17.05.2018,Backup_Repo_11,1331.2,259.48,19
17.05.2018,Backup_Repo_12,92160,10148.86,11
17.05.2018,Backup_Repo_13,92160,41879.93,45
18.05.2018,Backup_Repo_01,10035.87,1140.65,11
18.05.2018,Backup_Repo_02,44711.86,33691.69,75
18.05.2018,Backup_Repo_03,30172.16,14616.25,48
18.05.2018,Backup_Repo_04,30720,10367.16,34
18.05.2018,Backup_Repo_05,800,386.62,48
18.05.2018,Backup_Repo_06,1117.33,1117.16,100
18.05.2018,Backup_Repo_07,44711.86,5988.11,13
18.05.2018,Backup_Repo_08,1024,472.45,46
18.05.2018,Backup_Repo_10,44711.86,23085.4,52
18.05.2018,Backup_Repo_11,1331.2,257.61,19
18.05.2018,Backup_Repo_12,92160,10299.63,11
18.05.2018,Backup_Repo_13,92160,42160.97,46
19.05.2018,Backup_Repo_01,10035.87,1123,11
19.05.2018,Backup_Repo_02,44711.86,33675.19,75
19.05.2018,Backup_Repo_03,30172.16,14767.81,49
19.05.2018,Backup_Repo_04,30720,10778.21,35
19.05.2018,Backup_Repo_05,800,389.46,49
19.05.2018,Backup_Repo_06,1117.33,1117.16,100
19.05.2018,Backup_Repo_07,44711.86,1050.53,2
19.05.2018,Backup_Repo_08,1024,472.59,46
19.05.2018,Backup_Repo_10,44711.86,23132,52
19.05.2018,Backup_Repo_11,1331.2,259.57,19
19.05.2018,Backup_Repo_12,92160,9882.29,11
19.05.2018,Backup_Repo_13,92160,42108.55,46
20.05.2018,Backup_Repo_01,10035.87,1091.05,11
20.05.2018,Backup_Repo_02,44711.86,33653.05,75
20.05.2018,Backup_Repo_03,30172.16,14805.28,49
20.05.2018,Backup_Repo_04,30720,10881.87,35
20.05.2018,Backup_Repo_05,800,388.52,49
20.05.2018,Backup_Repo_06,1117.33,1117.16,100
20.05.2018,Backup_Repo_07,44711.86,2621.26,6
20.05.2018,Backup_Repo_08,1024,458.96,45
20.05.2018,Backup_Repo_10,44711.86,23127.69,52
20.05.2018,Backup_Repo_11,1331.2,239.74,18
20.05.2018,Backup_Repo_12,92160,9546.16,10
20.05.2018,Backup_Repo_13,92160,41642.26,45
21.05.2018,Backup_Repo_01,10035.87,991.8,10
21.05.2018,Backup_Repo_02,44711.86,33638.95,75
21.05.2018,Backup_Repo_03,30172.16,14854.03,49
21.05.2018,Backup_Repo_04,30720,10978.36,36
21.05.2018,Backup_Repo_05,800,389.92,49
21.05.2018,Backup_Repo_06,1117.33,1117.16,100
21.05.2018,Backup_Repo_07,44711.86,1563.35,3
21.05.2018,Backup_Repo_08,1024,456.86,45
21.05.2018,Backup_Repo_10,44711.86,23145.4,52
21.05.2018,Backup_Repo_11,1331.2,237.28,18
21.05.2018,Backup_Repo_12,92160,9625.93,10
21.05.2018,Backup_Repo_13,92160,41909.89,45
22.05.2018,Backup_Repo_01,10035.87,995.3,10
22.05.2018,Backup_Repo_02,44711.86,33626.82,75
22.05.2018,Backup_Repo_03,30172.16,14891.93,49
22.05.2018,Backup_Repo_04,30720,10945.7,36
22.05.2018,Backup_Repo_05,800,391.01,49
22.05.2018,Backup_Repo_06,1117.33,1117.16,100
22.05.2018,Backup_Repo_07,44711.86,9355.91,21
22.05.2018,Backup_Repo_08,1024,470.72,46
22.05.2018,Backup_Repo_10,44711.86,23122.98,52
22.05.2018,Backup_Repo_11,1331.2,256.37,19
22.05.2018,Backup_Repo_12,92160,9809.03,11
22.05.2018,Backup_Repo_13,92160,41738.89,45
23.05.2018,Backup_Repo_01,10035.87,958.99,10
23.05.2018,Backup_Repo_02,44711.86,33500.08,75
23.05.2018,Backup_Repo_03,30172.16,14951.79,50
23.05.2018,Backup_Repo_04,30720,11291.07,37
23.05.2018,Backup_Repo_05,800,565.76,71
23.05.2018,Backup_Repo_06,1117.33,1117.16,100
23.05.2018,Backup_Repo_07,44711.86,6062.42,14
23.05.2018,Backup_Repo_08,1024,473.19,46
23.05.2018,Backup_Repo_10,44711.86,23140.81,52
23.05.2018,Backup_Repo_11,1331.2,258.21,19
23.05.2018,Backup_Repo_12,92160,9584.08,10
23.05.2018,Backup_Repo_13,92160,41866.49,45
24.05.2018,Backup_Repo_01,10035.87,943.29,9
24.05.2018,Backup_Repo_02,44711.86,33450.59,75
24.05.2018,Backup_Repo_03,30172.16,14951.73,50
24.05.2018,Backup_Repo_04,30720,11339.33,37
24.05.2018,Backup_Repo_05,800,561.14,70
24.05.2018,Backup_Repo_06,1117.33,1117.16,100
24.05.2018,Backup_Repo_07,44711.86,7045.84,16
24.05.2018,Backup_Repo_08,1024,470.65,46
24.05.2018,Backup_Repo_10,44711.86,23205.62,52
24.05.2018,Backup_Repo_11,1331.2,264.25,20
24.05.2018,Backup_Repo_12,92160,8953.83,10
24.05.2018,Backup_Repo_13,92160,41813.25,45
25.05.2018,Backup_Repo_01,10035.87,935.98,9
25.05.2018,Backup_Repo_02,44711.86,33426.37,75
25.05.2018,Backup_Repo_03,30172.16,14916.96,49
25.05.2018,Backup_Repo_04,30720,11401.15,37
25.05.2018,Backup_Repo_05,800,560.52,70
25.05.2018,Backup_Repo_06,1117.33,1117.16,100
25.05.2018,Backup_Repo_07,44711.86,7241.63,16
25.05.2018,Backup_Repo_08,1024,470.24,46
25.05.2018,Backup_Repo_10,44711.86,23015.06,51
25.05.2018,Backup_Repo_11,1331.2,263.18,20
25.05.2018,Backup_Repo_12,92160,8910.66,10
25.05.2018,Backup_Repo_13,92160,42033.16,46
26.05.2018,Backup_Repo_01,10035.87,936.28,9
26.05.2018,Backup_Repo_02,44711.86,33424.09,75
26.05.2018,Backup_Repo_03,30172.16,15037.61,50
26.05.2018,Backup_Repo_04,30720,11473.92,37
26.05.2018,Backup_Repo_05,800,563.33,70
26.05.2018,Backup_Repo_06,1117.33,1117.16,100
26.05.2018,Backup_Repo_07,44711.86,6898.13,15
26.05.2018,Backup_Repo_08,1024,471.53,46
26.05.2018,Backup_Repo_10,44711.86,22335.25,50
26.05.2018,Backup_Repo_11,1331.2,258.26,19
26.05.2018,Backup_Repo_12,102400,18192.08,18
26.05.2018,Backup_Repo_13,92160,42500.45,46
27.05.2018,Backup_Repo_01,10035.87,907.98,9
27.05.2018,Backup_Repo_02,44711.86,33475.45,75
27.05.2018,Backup_Repo_03,30172.16,14987.48,50
27.05.2018,Backup_Repo_04,30720,11509.28,37
27.05.2018,Backup_Repo_05,800,564.08,71
27.05.2018,Backup_Repo_06,1117.33,1117.16,100
27.05.2018,Backup_Repo_07,44711.86,6843.66,15
27.05.2018,Backup_Repo_08,1024,471.75,46
27.05.2018,Backup_Repo_10,44711.86,23248.17,52
27.05.2018,Backup_Repo_11,1331.2,260.76,20
27.05.2018,Backup_Repo_12,102400,16864.83,16
27.05.2018,Backup_Repo_13,92160,41743.19,45
28.05.2018,Backup_Repo_01,10035.87,888.25,9
28.05.2018,Backup_Repo_02,44711.86,33475.75,75
28.05.2018,Backup_Repo_03,30172.16,14984.51,50
28.05.2018,Backup_Repo_04,30720,11552.92,38
28.05.2018,Backup_Repo_05,800,564.61,71
28.05.2018,Backup_Repo_06,1117.33,1117.16,100
28.05.2018,Backup_Repo_07,44711.86,6832.32,15
28.05.2018,Backup_Repo_08,1024,472.28,46
28.05.2018,Backup_Repo_10,44711.86,22467.73,50
28.05.2018,Backup_Repo_11,1331.2,261.9,20
28.05.2018,Backup_Repo_12,102400,16417.03,16
28.05.2018,Backup_Repo_13,92160,41837.64,45
29.05.2018,Backup_Repo_01,10035.87,901.03,9
29.05.2018,Backup_Repo_02,44711.86,33411.43,75
29.05.2018,Backup_Repo_03,30172.16,14969.65,50
29.05.2018,Backup_Repo_04,30720,11524.14,38
29.05.2018,Backup_Repo_05,800,564.02,71
29.05.2018,Backup_Repo_06,1117.33,1117.16,100
29.05.2018,Backup_Repo_07,44711.86,6614.3,15
29.05.2018,Backup_Repo_08,1024,472.35,46
29.05.2018,Backup_Repo_10,44711.86,23061.29,52
29.05.2018,Backup_Repo_11,1331.2,260.6,20
29.05.2018,Backup_Repo_12,102400,16193.77,16
29.05.2018,Backup_Repo_13,92160,41644.61,45
30.05.2018,Backup_Repo_01,10035.87,887.43,9
30.05.2018,Backup_Repo_02,44711.86,33297.62,74
30.05.2018,Backup_Repo_03,30172.16,14949.6,50
30.05.2018,Backup_Repo_04,30720,11512.49,37
30.05.2018,Backup_Repo_05,800,563.01,70
30.05.2018,Backup_Repo_06,1117.33,1117.16,100
30.05.2018,Backup_Repo_07,44711.86,6343.95,14
30.05.2018,Backup_Repo_08,1024,471.99,46
30.05.2018,Backup_Repo_10,44711.86,23194.26,52
30.05.2018,Backup_Repo_11,1331.2,261.33,20
30.05.2018,Backup_Repo_12,102400,16210.72,16
30.05.2018,Backup_Repo_13,92160,41743.55,45
31.05.2018,Backup_Repo_01,10035.87,870.69,9
31.05.2018,Backup_Repo_02,44711.86,33249.5,74
31.05.2018,Backup_Repo_03,30172.16,14889.45,49
31.05.2018,Backup_Repo_04,30720,11494.62,37
31.05.2018,Backup_Repo_05,800,562.46,70
31.05.2018,Backup_Repo_06,1117.33,1117.16,100
31.05.2018,Backup_Repo_07,44711.86,6232.58,14
31.05.2018,Backup_Repo_08,1024,471.78,46
31.05.2018,Backup_Repo_10,44711.86,23269.48,52
31.05.2018,Backup_Repo_11,1331.2,262.62,20
31.05.2018,Backup_Repo_12,102400,16080.91,16
31.05.2018,Backup_Repo_13,92160,42187.03,46
01.06.2018,Backup_Repo_01,10035.87,880.28,9
01.06.2018,Backup_Repo_02,44711.86,33240.19,74
01.06.2018,Backup_Repo_03,30172.16,14947.55,50
01.06.2018,Backup_Repo_04,30720,11511.72,37
01.06.2018,Backup_Repo_05,800,562.68,70
01.06.2018,Backup_Repo_06,1117.33,1117.16,100
01.06.2018,Backup_Repo_07,44711.86,6181.04,14
01.06.2018,Backup_Repo_08,1024,472.33,46
01.06.2018,Backup_Repo_10,44711.86,23370.97,52
01.06.2018,Backup_Repo_11,1331.2,262.58,20
01.06.2018,Backup_Repo_12,102400,16040.75,16
01.06.2018,Backup_Repo_13,92160,42049.17,46
02.06.2018,Backup_Repo_01,10035.87,873.89,9
02.06.2018,Backup_Repo_02,44711.86,33251.62,74
02.06.2018,Backup_Repo_03,30172.16,14928.42,49
02.06.2018,Backup_Repo_04,30720,11431.2,37
02.06.2018,Backup_Repo_05,800,563,70
02.06.2018,Backup_Repo_06,1117.33,1117.16,100
02.06.2018,Backup_Repo_07,44711.86,6111.79,14
02.06.2018,Backup_Repo_08,1024,472.49,46
02.06.2018,Backup_Repo_10,44711.86,22840.19,51
02.06.2018,Backup_Repo_11,1331.2,261.42,20
02.06.2018,Backup_Repo_12,102400,15856,15
02.06.2018,Backup_Repo_13,92160,41823.19,45
03.06.2018,Backup_Repo_01,10035.87,871.99,9
03.06.2018,Backup_Repo_02,44711.86,33249.08,74
03.06.2018,Backup_Repo_03,30172.16,14953.72,50
03.06.2018,Backup_Repo_04,30720,11667.73,38
03.06.2018,Backup_Repo_05,800,562.84,70
03.06.2018,Backup_Repo_06,1117.33,1117.16,100
03.06.2018,Backup_Repo_07,44711.86,6019.01,13
03.06.2018,Backup_Repo_08,1024,471.82,46
03.06.2018,Backup_Repo_10,44711.86,23134.05,52
03.06.2018,Backup_Repo_11,1331.2,261.04,20
03.06.2018,Backup_Repo_12,102400,15833.88,15
03.06.2018,Backup_Repo_13,92160,42463.94,46
04.06.2018,Backup_Repo_03,30172.16,14952.19,50
04.06.2018,Backup_Repo_04,30720,11705.82,38
04.06.2018,Backup_Repo_05,800,562.68,70
04.06.2018,Backup_Repo_01,10035.87,848.07,8
04.06.2018,Backup_Repo_02,44711.86,33212.1,74
04.06.2018,Backup_Repo_06,1117.33,1117.16,100
04.06.2018,Backup_Repo_07,44711.86,6010.7,13
04.06.2018,Backup_Repo_08,1024,471.67,46
04.06.2018,Backup_Repo_10,44711.86,22960.36,51
04.06.2018,Backup_Repo_11,1331.2,264.82,20
04.06.2018,Backup_Repo_12,102400,15124.38,15
04.06.2018,Backup_Repo_13,92160,42687.66,46
05.06.2018,Backup_Repo_03,30172.16,14944.53,50
05.06.2018,Backup_Repo_04,30720,11648.23,38
05.06.2018,Backup_Repo_05,800,562.07,70
05.06.2018,Backup_Repo_01,10035.87,814.85,8
05.06.2018,Backup_Repo_02,44711.86,33196.49,74
05.06.2018,Backup_Repo_06,1117.33,1117.16,100
05.06.2018,Backup_Repo_07,44711.86,5870.31,13
05.06.2018,Backup_Repo_08,1024,470.65,46
05.06.2018,Backup_Repo_10,44711.86,22758.38,51
05.06.2018,Backup_Repo_11,1331.2,260.76,20
05.06.2018,Backup_Repo_12,102400,15102.26,15
05.06.2018,Backup_Repo_13,92160,43037.8,47
06.06.2018,Backup_Repo_03,30172.16,14891.94,49
06.06.2018,Backup_Repo_04,30720,11636.79,38
06.06.2018,Backup_Repo_05,800,561.21,70
06.06.2018,Backup_Repo_01,10035.87,807.48,8
06.06.2018,Backup_Repo_02,44711.86,33190.36,74
06.06.2018,Backup_Repo_06,1117.33,1117.16,100
06.06.2018,Backup_Repo_07,44711.86,5624.13,13
06.06.2018,Backup_Repo_08,1024,470.53,46
06.06.2018,Backup_Repo_10,44711.86,22552.21,50
06.06.2018,Backup_Repo_11,1331.2,258.06,19
06.06.2018,Backup_Repo_12,122880,35226.65,29
06.06.2018,Backup_Repo_13,92160,42758.08,46
07.06.2018,Backup_Repo_03,30172.16,14963.52,50
07.06.2018,Backup_Repo_04,30720,11625.9,38
07.06.2018,Backup_Repo_05,800,561.64,70
07.06.2018,Backup_Repo_01,10035.87,789.55,8
07.06.2018,Backup_Repo_02,44711.86,33189.93,74
07.06.2018,Backup_Repo_06,1117.33,1117.16,100
07.06.2018,Backup_Repo_07,44711.86,5531.83,12
07.06.2018,Backup_Repo_08,1024,470.36,46
07.06.2018,Backup_Repo_10,44711.86,22484.52,50
07.06.2018,Backup_Repo_11,1331.2,260.93,20
07.06.2018,Backup_Repo_12,122880,35628.9,29
07.06.2018,Backup_Repo_13,92160,42533.41,46
08.06.2018,Backup_Repo_03,30172.16,14952.7,50
08.06.2018,Backup_Repo_04,30720,11619,38
08.06.2018,Backup_Repo_05,800,559.9,70
08.06.2018,Backup_Repo_01,10035.87,775.06,8
08.06.2018,Backup_Repo_02,44711.86,33145.85,74
08.06.2018,Backup_Repo_06,1117.33,1117.16,100
08.06.2018,Backup_Repo_07,44711.86,5531.23,12
08.06.2018,Backup_Repo_08,1024,468.93,46
08.06.2018,Backup_Repo_10,44711.86,22587.77,51
08.06.2018,Backup_Repo_11,1331.2,264.51,20
08.06.2018,Backup_Repo_12,122880,35800.83,29
08.06.2018,Backup_Repo_13,92160,41596.34,45
